Distância,Rua de Origem,Número de Origem,Rua de Destino,Número de Destino
16.21049651642216,rua   poseidon,15,rua   duartina,476
19.207049440566703,rua   alexandre fernandes,273,rua   descalvado,156
5.486096095844134,rua   branco de morais,367,rua   duartina,464
15.244546897789625,rua   teviot,179,rua   descalvado,269
10.311890491050464,rua   luis augusto paschoal,342,rua   descalvado,272
15.819265261310461,rua   marcos lopes,173,rua   descalvado,258
27.84830924789545,avenida   rubem berta,810,rua   descalvado,49
0.5663825954632085,avenida prof  fonseca rodrigues,2309,rua   duartina,435
19.000307767039963,rua   atalaia,160,rua   descalvado,249
11.44836027139471,rua  dos capiunas,218,rua   descalvado,158
6.002736781268614,rua   inula,64,rua   duartina,458
1.8162064031106269,rua   matarazzo,120,rua   descalvado,253
7.535915083557136,rua br de bocaina,23,rua   descalvado,257
3.8152354628711542,avenida prof  francisco morato,2691,rua   descalvado,265
8.140856492653711,rua profa  heloisa carneiro,5,rua   duartina,482
14.554163824883775,avenida   chica luiza,1155,rua   descalvado,215
12.962046797953725,rua   teodoro sampaio,1185,rua   duartina,424
14.809815034540119,rua   vitoria,743,rua   descalvado,117
15.492151706398849,rua   jose correia picanco,619,rua   duartina,476
1.4689767129206945,rua   matias de albuquerque,33,rua   descalvado,260
6.129622695695922,avenida comen  sant'anna,873,rua   duartina,470
3.3016285500468276,rua   antonio acras filho,72,rua   duartina,460
6.39431106305101,rua   algard,539,rua   duartina,440
3.535732176966718,rua   caruru da bahia,305,rua   duartina,472
6.500414801262545,rua   serra das divisoes,653,rua   descalvado,258
12.258011351848353,rua   itapicuru,109,rua   duartina,481
11.135084973637488,avenida   hebe camargo,487,rua   descalvado,103
4.724995144997941,rua cap  cavalcanti,170,rua   descalvado,186
18.911271979521896,rua min  gastao mesquita,644,rua   descalvado,144
7.896556611240353,rua   bento quirino,683,rua   descalvado,247
6.876839582075968,rua   bennet,511,rua   duartina,457
15.20255811757505,rua   jacques felix,312,rua   duartina,443
2.1008139973786246,rua   marim,428,rua   descalvado,265
12.893119381978385,rua   roque palmieri,406,rua   descalvado,251
5.307451837581211,avenida brig  luis antonio,4376,rua   descalvado,225
4.228926564480053,rua s  feliciano,258,rua   descalvado,186
12.670009930459075,rua desem  paulo passalaqua,317,rua   descalvado,272
14.762703860423063,rua   logrono,321,rua   duartina,481
0.4106181118371417,rua   margarida maria alves,354,rua   duartina,460
6.669613310368696,rua   guido oreggia,31,rua   duartina,454
3.6206255545003367,rua   carlos weber,855,rua   descalvado,140
10.816707878977086,avenida imp  leopoldina,645,rua   descalvado,77
15.077692556636716,rua   bento fernandes,69,rua   descalvado,48
3.832223074003533,avenida sto  amaro,3673,rua   duartina,472
16.499563788756777,avenida pde  arlindo vieira,1059,rua   descalvado,96
8.22343294246855,rua   maraney,285,rua   duartina,473
11.639891889876917,rua   vicente feola,104,rua   duartina,424
18.45366787851206,rua   diogo munhoz,106,rua   descalvado,121
3.2834561088227714,rua   orobo,170,rua   descalvado,227
12.8909794092371,avenida   lopes de azevedo,22,rua   duartina,480
4.22669290466664,rua   astecas,290,rua   descalvado,261
2.5337495969217576,rua   sugao suzuki,72,rua   descalvado,248
18.442631542474196,avenida  dos tres poderes,394,rua   descalvado,234
11.04740241120267,rua   valdemar,178,rua   descalvado,175
7.677162821011462,rua   artia,290,rua   descalvado,169
13.139116751343742,rua   natingui,837,rua   descalvado,113
8.892225668593147,rua   alesio venturi,249845,rua   duartina,480
0.3273205489508815,rua   teodoro sampaio,300,rua   descalvado,187
6.154235115611803,avenida dr  abraao ribeiro,837,rua   descalvado,251
5.1971636659977065,rua   filipe senilosa,62,rua   duartina,472
9.741331276979334,avenida   jose lutzenberger,576,rua   duartina,463
12.98259189747767,avenida   vila ema,5798,rua   duartina,481
10.505895074977909,rua   licinio cardoso,128,rua   descalvado,82
20.702892515124155,rua   joao branco,116,rua   duartina,433
2.2959635673077337,avenida   zaki narchi,310,rua   descalvado,252
2.2437199828789884,avenida   brasil,1243,rua   descalvado,58
13.85494770814799,rua   kurt engelhart,121,rua   duartina,422
20.719843607049167,rua dr  nerio nunes,258,rua   descalvado,78
4.006013413077837,avenida   cotovia,424,rua   duartina,450
2.8163422358189507,rua   silvino passos,122,rua   duartina,428
13.584102112250347,rua   tibaes,361,rua   duartina,469
6.923411892836661,avenida pde  adolfo kolping,40,rua   duartina,475
9.350079561977351,avenida prof  luiz ignacio anhaia mello,4758,rua   duartina,472
6.506681418026715,rua   fava de lobo,7,rua   descalvado,152
5.573066918612795,rua   maria fantini gomieri,94,rua   descalvado,213
7.752432036554456,rua   joao teodoro,210,rua   descalvado,259
12.583202646314238,avenida   celso garcia,2134,rua   descalvado,243
15.889118573431308,rua   orion,27,rua   duartina,472
21.967493502550294,rua   hely lopes meirelles,238,rua   descalvado,235
0.9264756813234865,rua   manuel morais pontes,528,rua   descalvado,253
12.559957311494294,rua pde  almeida silva,48,rua   duartina,460
13.943539253694123,rua   bernardino prudenti,24,rua   duartina,469
17.707774966148374,rua   manolo florentino,528,rua   descalvado,262
13.551332885261928,avenida   giovanni gronchi,1716,rua   descalvado,258
6.238938274836464,rua   juncal,60,rua   duartina,422
0.06251550019300112,rua   rio formoso,90,rua   descalvado,220
7.3634486863202575,rua dr  milton de souza meirelles,200,rua   duartina,476
13.786974399703432,rua cons  belisario,17,rua   duartina,436
19.84685437770205,rua   arapiraca,120,rua   descalvado,232
1.9396223385165676,rua   carlos belmiro correia,29,rua   descalvado,139
19.248502068754075,rua   barralhara,62,rua   duartina,432
11.335760153676912,rua prof  euripedes simoes de paula,29,rua   duartina,452
10.295793817923352,rua   pires da mota,11,rua   descalvado,230
15.339210224105965,rua   sebastiao pimentel,17,rua   descalvado,261
3.3518111365155674,avenida  dos tres poderes,435,rua   duartina,456
16.65103003809436,rua   acioli,381,rua   descalvado,273
1.5472130855439765,rua prof  aprigio gonzaga,706,rua   duartina,447
15.671847303699433,rua   camilo,611,rua   duartina,430
13.003670809975723,rua   tiquira,30,rua   descalvado,257
13.077539811920577,rua   dezessete (j. anhanguera-anh),80,rua   descalvado,129
14.785866963433323,rua maj  diogo,574,rua   descalvado,148
4.3123876276461734,rua   hideo oshima,124,rua   duartina,482
7.256980729763443,rua   canto da noite,389,rua   descalvado,68
24.53383266451037,rua   sem denominacao,116,rua   duartina,426
4.965023895810354,avenida dra  nise da silveira,1241,rua   duartina,438
0.6333812972674657,rua   joao gaspar,431,rua   descalvado,97
8.545115783767402,rua   paim,388,rua   duartina,427
11.475877874868926,rua   jose de afonseca,7,rua   descalvado,46
13.51591262511944,rua   diogenes de lima,144,rua   descalvado,271
7.967626370278159,rua   bernardino de q. guimaraes,119,rua   descalvado,57
27.07238093569007,rua   jacob alt,24,rua   descalvado,250
14.098010391416164,rua   zambia,81,rua   descalvado,265
9.111539984644855,rua   betania s 173,9,rua   duartina,469
10.854732795508552,rua   itapeva,161,rua   duartina,461
10.33481588326909,rua pde  luis alves de siqueira,4,rua   duartina,474
12.96505266105474,rua gal  jardim,291,rua   duartina,480
19.12276033859898,rua  do oratorio,2347,rua   descalvado,237
8.405171407610666,rua   tamoios,841,rua   duartina,445
4.469060432024598,rua   julio barbosa de lima,36,rua   duartina,449
26.598933045723104,rua br de monte santo,948,rua   duartina,423
3.33884367444813,rua   francisco preto,110,rua   duartina,477
10.203882546262578,rua   carmem tortola,206,rua   duartina,453
10.478293317038649,rua   amad massud,172,rua   duartina,460
9.035500228665917,rua   ulisses cruz,716,rua   descalvado,268
1.3031142523556518,rua cd de silva monteiro,495,rua   duartina,473
7.250993942912652,rua   abel tavares,1129,rua   descalvado,263
3.248651683037769,avenida brig  faria lima,3890,rua   descalvado,107
13.681958525406184,rua   luis de toledo piza,259,rua   descalvado,258
8.70075711229338,rua   rosalba carriera,100,rua   duartina,474
11.315739226799035,avenida   fernando menses de almeida (prolongamento),1209,rua   duartina,422
12.617762862488451,avenida dr  arnaldo,2447,rua   duartina,423
1.323960766449785,rua   heitor de souza pinheiro,327,rua   descalvado,260
12.737338957132154,rua   gurupa,355,rua   duartina,480
9.924355889382086,rua   luisa,117,rua   duartina,442
2.807744527933771,rua   paulo da silva,62,rua   descalvado,247
14.18966670944058,rua   pedra maria das dores,184,rua   duartina,431
9.955113003499912,avenida   campanella,1796,rua   descalvado,231
16.54456551153614,rua maest  tavares de lima,183,rua   duartina,432
1.887815602106306,avenida   gabriela mistral,357,rua   duartina,428
3.6883653962103926,rua dr  rafael caramuru lanzelloti,103,rua   descalvado,99
0.6683883800538606,rua   joaquim lapas veiga,1393,rua   duartina,452
15.756416944736893,rua dr  joao alves de lima,39,rua   descalvado,262
6.504152196044015,rua   ana vieira de carvalho,3,rua   duartina,472
8.307798674890691,rua   anhumbi,45,rua   descalvado,149
9.05054987393636,rua   entre-rios,701,rua   descalvado,56
0.4890872506541353,rua   francisco peixoto,56,rua   descalvado,267
10.77155615491872,rua   maria lucia petit,240,rua   descalvado,231
3.62811422004497,rua dr  eugenio fortes coelho,75,rua   duartina,440
8.030073383996637,rua   plinio espindola kerr,3,rua   duartina,466
8.739026324077738,rua desem  isnard dos reis,1291,rua   descalvado,258
15.01942376884676,rua   serrana fluminense,610,rua   descalvado,248
5.717600272590637,rua   varzea grande,227,rua   descalvado,104
12.141431639649742,rua   barretos,328,rua   duartina,433
0.15768518948539523,rua cel  albino bairao,493,rua   descalvado,245
5.478352290407283,rua   osvaldo sobreira,65,rua   duartina,472
11.538974530231293,rua   pelegrino,434,rua   duartina,431
8.154208465111708,rua   francisco perroti,546,rua   duartina,429
24.117103761719704,avenida   bosque da saude,2037,rua   duartina,446
18.194715194079663,rua   andre pereira temudo,192,rua   duartina,479
6.368808400497716,rua   rosalio jose da conceicao,76,rua   descalvado,208
15.804474019767081,avenida   maria coelho aguiar,17,rua   descalvado,65
21.775806979124106,rua   tancredo neves,0,rua   descalvado,272
7.327756482387294,rua   gabriel de lara,0,rua   descalvado,192
2.2054994116601883,rua visc de araruama,95,rua   descalvado,273
14.102615380245755,avenida   george saville dodd,220,rua   descalvado,272
8.415331183477727,avenida pres  altino,3066,rua   descalvado,247
8.986009668313637,rua mere  amedea,713,rua   descalvado,81
5.230280473461244,rua eng  noe ribeiro,270,rua   descalvado,108
17.39118086996521,rua   pais da silva,19,rua   descalvado,265
7.972370544426266,rua   airuma,290,rua   duartina,433
13.037558999121266,rua   adelino jose da silva,64,rua   duartina,457
9.338388136226126,rua   ana lucia de amicis,403,rua   descalvado,66
16.91094915494134,rua   taipas,93,rua   duartina,454
5.160314073996727,rua   raimundo de morais,98,rua   duartina,474
11.188542300028114,rua   artur lucas,106,rua   descalvado,167
11.341606533628953,rua   eneias luis carlos barbanti,695,rua   duartina,436
17.77327833057622,rua   euclides stoffel de lima,86,rua   duartina,431
6.216812203185835,rua dr  clementino,95,rua   duartina,460
19.727424178043613,avenida sto  amaro,2860,rua   descalvado,207
1.2920920529509203,rua  das alfazemas,89,rua   duartina,481
23.4300833429596,rua   alexandre mortali,11,rua   duartina,469
16.55620694331946,avenida prof  mello moraes,2622,rua   descalvado,93
11.417131964226257,rua   antonio de saavedra,141,rua   duartina,479
4.572273206291344,rua prof  j. h. meirelles teixeira,928,rua   descalvado,250
11.608856709621278,rua   antonio jose bentes,108,rua   duartina,422
2.891786207853583,rua   fonseca da costa,153,rua   descalvado,89
11.434860512827237,rua  da consolacao,3363,rua   descalvado,264
3.6074268923340016,rua   marbo,30,rua   descalvado,145
2.6658268893603925,rua   leonor f. costa zacharias,227,rua   descalvado,232
20.07440372600323,rua   herbert alfred landsberger,162,rua   duartina,481
8.007133458344004,avenida   miguel motoki ogushi,301,rua   descalvado,233
5.982883657270641,avenida dr  candido motta filho,971,rua   descalvado,257
6.187303524434856,rua   francisco sutil,48,rua   duartina,446
11.720147331103012,rua   joao de santana,20,rua   duartina,475
20.126313168975006,rua   iraiba,38,rua   duartina,459
2.697527273350026,rua maj  basilio,743,rua   duartina,479
9.286760936796401,rua   belarmino prestes,50,rua   descalvado,263
15.968811921053696,rua dr  agenor fernandes barbosa,79,rua   descalvado,258
4.907349321693484,rua br  carvalho do amparo,373,rua   duartina,446
8.62756311364814,rua dr  neto de araujo,238,rua   duartina,449
17.42694522251461,avenida eng  luiz carlos berrini,1337,rua   descalvado,113
4.829517894748566,rua   olavo firmiano ferreira,196,rua   descalvado,141
8.093767562088296,rua  dos cravos,402,rua   duartina,446
21.986842614474973,rua   felicio pereira,29,rua   descalvado,126
1.2649050455914228,avenida   francesco bibiena,159,rua   duartina,467
17.928419362470567,rua   luis juliani,1066,rua   duartina,455
13.740918291934491,rua   jose baruzi,355,rua   duartina,426
3.208331614240077,avenida gal  mac arthur,892,rua   duartina,446
12.152356770526005,rua   pablo podesta,336,rua   duartina,436
4.188637731217951,rua   oliveira catrambi,117,rua   duartina,473
18.39495532462007,rua   ponte branca,126,rua   duartina,469
1.7222570754766036,rua   leonice alves rodrigues,67,rua   descalvado,126
4.856208175126866,rua   liberdade,9,rua   duartina,435
13.62681112012217,rua   david zeiger,422,rua   duartina,437
13.595535921084696,rua   isaac francisco pimenta,128,rua   descalvado,271
11.063700780450331,avenida   paulo guilguer reimberg,8888,rua   descalvado,195
4.770209453371342,avenida   helio pellegrino,64,rua   descalvado,247
11.879171988002643,avenida prof  fonseca rodrigues,487,rua   descalvado,261
6.560621826638309,avenida   lins de vasconcelos,984,rua   descalvado,255
5.838784319560846,rua   ramiro barcelos,114,rua   duartina,472
24.213972375016983,rua   antonio de cabezon,17,rua   descalvado,86
17.340550955279173,rua   fernando alvares,239,rua   descalvado,274
11.776214766781482,rua   lavradio,83,rua   duartina,477
7.897791894742623,rua   jose cordoba,206,rua   descalvado,137
12.188529015928237,rua   salvador bercari,3,rua   descalvado,273
7.559722157667963,avenida   jose velho barreto,234,rua   duartina,468
16.80650446946235,rua   belgrado,599,rua   duartina,465
13.094554538146108,rua   itapura,1074,rua   descalvado,115
11.160684992730689,rua dr  jose virgilio vita,58,rua   duartina,433
15.353084352382899,rua   jaboti,53,rua   duartina,467
13.159371075500689,rua   toninhas,534,rua   descalvado,274
7.267326222462956,rua   sansao,140,rua   duartina,428
5.381174011184589,rua profa  maria francisca de castilho,96,rua   descalvado,248
25.03068274840865,rua  da consolacao,3122,rua   descalvado,268
11.901590867877795,rua cap  john cordeiro e silva,504,rua   descalvado,239
4.831289627494257,rua   oliveira dias,259,rua   duartina,480
6.799646721233256,rua   jose bernardo pinto,1022,rua   duartina,472
17.780019762890635,rua   pianu,394,rua   duartina,466
2.1968381827291754,rua   treze de maio,1331,rua   descalvado,235
15.612754312193985,rua   antonio forlenza,187,rua   descalvado,270
17.926142053997065,rua   antonio bastos,59,rua   descalvado,100
4.487698268575541,avenida   alvaro ramos,2017,rua   descalvado,260
2.3905559690680667,rua   joao rios,323,rua   descalvado,206
6.596245523356673,rua  dos texteis,3094,rua   descalvado,268
5.807755405678292,avenida   miguel de castro,966,rua   descalvado,272
14.960785370991477,rua mal  hastinfilo de moura,31,rua   descalvado,46
20.818965920775177,rua   alberto day,54,rua   duartina,455
12.010873895973747,rua   principal s um quarenta e tres q vinte zero nove,36,rua   descalvado,119
11.721614118455948,avenida reg  feijo,560,rua   duartina,425
15.76341933802284,rua   cavalo marinho,1432,rua   descalvado,259
9.865947073960143,rua   joao pimentel,79,rua   descalvado,248
5.36611658224584,rua   jequitinhonha,51,rua   duartina,429
9.067950726024524,rua   roteiro,20,rua   descalvado,133
0.482250297952195,rua   francisco g.de andrade machado,30,rua   descalvado,262
4.710786524895048,avenida   rouxinol,552,rua   descalvado,171
3.9632805162557787,rua   virginia ferni,781,rua   descalvado,274
2.3062541075634684,rua   raimundo gomes ribeiro,114,rua   duartina,475
2.0523238606828684,rua   caramuru,1595,rua   descalvado,227
15.655711477903147,rua pde  antao jorge,168,rua   duartina,430
22.414382604857323,rua   leopoldo couto magalhaes jr.,1107,rua   duartina,455
1.9953142937442578,rua   mocambique,49,rua   descalvado,223
2.966240950563601,rua   alfredo cownley slater,32,rua   duartina,430
2.8209366994188283,avenida   jacana,429,rua   descalvado,264
17.84852068949131,rua   macarico,116,rua   descalvado,57
3.6466401534094333,rua   balneario sao jose,227,rua   descalvado,79
14.798510586654457,rua   emilia bandeira de melo,94,rua   descalvado,269
13.540905317591148,avenida   alcantara machado,199,rua   duartina,449
8.349456359525673,rua   bactoria,443,rua   duartina,449
16.343301778998022,rua   bennet,752,rua   duartina,471
4.942960472046502,rua prof  paulo mangabeira albernaz,121,rua   duartina,427
10.998625887928773,rua   elidia maria de jesus,16,rua   descalvado,253
21.2108183902468,rua   odete sa barbosa,98,rua   descalvado,252
3.2303184932425992,avenida  do estado,9199,rua   descalvado,270
12.457295643318052,rua   rubens,53,rua   descalvado,195
17.986128491105493,rua   pedro aguiar,219,rua   duartina,481
18.127863085885586,rua sta  felicia,386,rua   duartina,471
15.014903352397134,avenida   calim eid,1840,rua   duartina,448
7.898772596500784,rua   felix pola,79,rua   descalvado,58
6.532555734408846,rua   arne ragnar enge,280,rua   descalvado,181
26.945662622540077,rua   hadim,0,rua   duartina,454
22.48768443771219,rua  do aclamado,656,rua   duartina,463
12.647539913415962,rua   manoel dutra,82,rua   duartina,452
17.653032807199363,avenida   ancarinhas,305,rua   duartina,451
14.285056271159297,rua   goncalo lima,5,rua   descalvado,261
3.2373008386437174,avenida cons  carrao,3080,rua   duartina,476
4.367977996957279,rua   pamplona,507,rua   descalvado,262
5.323454756896556,rua   azevedo soares,944,rua   descalvado,112
6.073534201883458,rua   armando bonilha,92,rua   duartina,473
3.6185689632084603,rua   eufrates,117,rua   descalvado,87
13.096202988402636,rua nsra do outeiro,528,rua   descalvado,246
13.675097569710175,rua   sem denominacao,120,rua   descalvado,196
6.443653095842239,rua   correia de lemos,631,rua   descalvado,123
18.11406544962254,rua   alexandre kipnis,192,rua   duartina,460
11.418530072947245,rua  da consolacao,2485,rua   descalvado,258
18.823326826706236,rua   sem denominacao,8,rua   descalvado,257
4.364039654831767,rua   cabinari,597,rua   descalvado,256
0.5840527297239237,rua   sinfonia inacabada,616,rua   duartina,462
14.150380405944388,avenida   amadeu poli,429,rua   descalvado,247
10.899237818116132,avenida dra  ruth cardoso,7566,rua   duartina,468
6.676817883727244,rua   beija-flor,17,rua   descalvado,259
10.156305002035161,rua   marina eston,290,rua   descalvado,263
6.624191158594336,rua cel  evaristo de campos,35,rua   descalvado,225
9.070461649856073,avenida   fagundes filho,426,rua   duartina,427
0.41740832923870386,rua   gaivota,89,rua   descalvado,263
8.205733069156535,rua   garcia de moura,134,rua   descalvado,76
14.24787567156477,rua prof  jose de sousa,864,rua   duartina,451
23.123702175164052,rua   cabure,128,rua   duartina,468
10.470364117931004,rua   karl czernick,66,rua   duartina,468
7.076842909493646,rua   guimaraes passos,778,rua   duartina,442
6.905889453858922,avenida pres  castelo branco,3744,rua   duartina,473
1.7184105174985795,rua   paulistania,391,rua   duartina,470
7.664379688852282,rua   natalicio costa frazao,93,rua   duartina,470
19.269262265829546,rua   ceara,348,rua   duartina,469
12.247243993487508,rua   achilles masetti,76,rua   descalvado,264
1.375644528304397,rua   lugo,106,rua   descalvado,252
17.745465545693325,rua  das acucenas,485,rua   descalvado,48
10.772699927080682,rua   gomes,128,rua   descalvado,96
6.588337527929003,rua apost  simao pedro,36,rua   descalvado,264
1.1752087515296115,rua   serra de jaire,1516,rua   descalvado,256
11.777119538269023,rua   eduardo viana,157,rua   duartina,467
1.8520454915323743,rua  das uvaias,129,rua   duartina,481
24.82441689105971,avenida   cidade jardim,956,rua   duartina,461
9.589685469293581,rua   mariano de sousa,8,rua   duartina,426
13.20553073423763,rua   estrela da terra,76,rua   duartina,476
7.892550024435401,rua madre  maria romana,26,rua   duartina,430
1.968484473761512,rua   jose bezerra filho,26,rua   duartina,467
12.364198688514197,rua   gregorio fagundes,91,rua   duartina,461
4.595767373618252,rua   venceslau flexa,266,rua   duartina,451
1.5725235157762594,rua   ari da rocha miranda,1399,rua   duartina,425
2.448288963292814,rua   francesco borosini,68,rua   duartina,481
1.0365893985786823,rua   pedro simoes,75,rua   duartina,442
4.171028578377884,rua   sardoa,113,rua   descalvado,85
1.7630020870827696,rua   natingui,932,rua   duartina,454
17.106050384192372,avenida   morumbi,5466,rua   descalvado,274
9.918353296440399,rua   parioto,483,rua   descalvado,153
17.842043872924805,rua  dos americanos,50,rua   duartina,473
8.93757383781561,rua   alexandre ribeiro,251,rua   descalvado,68
4.86035876955222,rua   ferrador,13,rua   duartina,460
14.439485564423691,rua   pinhalzinho,78,rua   duartina,482
4.371579024896259,avenida  dos bandeirantes,1389,rua   duartina,436
23.451075282400005,rua pde  manuel luis de vergueiro,1040,rua   duartina,453
1.3895566128628971,rua   joao amado coutinho,716,rua   duartina,442
10.94740912007247,rua   joao rodrigues leite,151,rua   duartina,446
12.899752431275312,rua   pedro cavatoni,107,rua   duartina,447
11.99642498375844,rua   bento leite da silva,33,rua   descalvado,271
1.3978557231882291,rua   antonio carlos mingues lopes,576,rua   duartina,479
16.394978904959498,rua  dos amerindios,118,rua   duartina,469
9.331400703337604,avenida   marcondes de brito,560,rua   descalvado,202
7.484454048945864,rua   pirituba,76,rua   descalvado,66
9.077597196447483,rua   florencio da silva,98,rua   descalvado,273
10.4380055348015,rua   joaquim ribeiro,78,rua   duartina,455
10.818989290366957,rua   carangola,207,rua   descalvado,255
4.486607247499148,rua   vergueiro,540,rua   descalvado,230
9.54127144599528,rua dr  nogueira martins,106,rua   descalvado,107
7.56958299913046,rua   benjamin aluani,85,rua   duartina,437
9.028496673665636,rua desem  vicente penteado,197,rua   descalvado,82
1.094097939618445,rua cd de silva monteiro,22,rua   descalvado,267
19.834241581545925,rua marq de itu,335,rua   duartina,431
18.2363630373627,rua   orfanato,1821,rua   duartina,475
12.794351709943708,rua   anibal dos anjos carvalho,458,rua   duartina,458
13.615740411515343,rua   nova jaragua,122,rua   duartina,440
0.3295642381075581,rua   otacilio dias fernandes,388,rua   descalvado,151
10.822235259383978,rua   lupe gigliotti,1,rua   duartina,446
3.801354239052251,rua   amilcar de castro,37,rua   descalvado,190
4.899075776871916,rua pde  jose sebastiao,113,rua   duartina,455
12.086190676266156,rua   joaquim manuel da rocha,513,rua   descalvado,261
3.9535365388560324,rua   sebastiao salgado,12,rua   descalvado,262
9.791500495249556,rua   hipias,6,rua   duartina,476
7.018128590968521,rua pde  moura,114,rua   duartina,441
14.081115277549342,rua   praia do paraiso,1,rua   descalvado,251
12.25534171427377,avenida   joao simao de castro,403,rua   descalvado,105
3.7291218288316266,rua   estrela solitaria,247,rua   descalvado,256
13.052538094652252,rua   benjamim constant,186,rua   descalvado,259
6.487079197017362,rua gov  rodrigo henriques,130,rua   descalvado,186
4.102233009749901,rua   antonio maia,844,rua   descalvado,83
17.373090250642182,rua   inacio cervantes,12,rua   duartina,480
3.0330981264777,rua   itajubaquara,117,rua   duartina,445
3.7271112494098846,avenida  do oratorio,2289,rua   duartina,448
7.112176825001542,rua   guerreiro,390,rua   descalvado,257
13.475341137519983,rua   sem denominacao (igu),20,rua   duartina,430
0.6786841348409389,rua   campevas,34,rua   descalvado,174
13.304520319029184,rua   mario de andrade,143,rua   descalvado,248
15.095997886236471,rua  dos pedreiros,132,rua   descalvado,260
3.7203309003017786,rua   francisco portugal,101,rua   duartina,423
4.626706467576284,rua   taquara branca,149,rua   duartina,469
12.436774699743808,rua   tres (j. paulistano-nsrao),80,rua   duartina,464
12.946117521732486,rua   cachoeira escaramuca,770,rua   descalvado,85
14.21582914844467,rua   ibiuna,46,rua   duartina,478
4.041092661010507,rua dr  nicolau de sousa queiros,729,rua   descalvado,174
22.126928258907906,rua   maria eugenia celso,408,rua   duartina,427
13.906546233894549,rua   guilherme vaz pinto,63,rua   descalvado,87
17.625382327578958,rua con  vicente miguel marino,582,rua   descalvado,273
9.298563502254867,rua   galvao bueno,235,rua   descalvado,256
8.150671173763621,rua   francisco bitancourt,567,rua   duartina,445
22.808330637223765,rua   hermeto lima,561,rua   duartina,423
2.0705014809453886,rua   pratapolis,95,rua   duartina,477
5.576473648183549,rua   rio das flores,517,rua   duartina,435
9.954242486659057,rua   saverio valente,449,rua   duartina,470
15.394405288091038,rua   dunalia,15,rua   descalvado,213
8.552828061120772,avenida   reboucas,21,rua   duartina,470
16.197488311300074,rua   afonso ferreira,26,rua   duartina,455
0.48166687748230785,avenida jorn  roberto marinho,2065,rua   descalvado,255
6.97208623469751,rua   sagrada familia,33,rua   duartina,468
8.920713722913277,rua   carajua,105,rua   duartina,450
7.646273964904349,rua card  arcoverde,1706,rua   descalvado,166
11.897946034651854,rua   leny eversong,4,rua   duartina,438
16.62159192349513,avenida   morvan dias de figueiredo,1784,rua   duartina,481
1.534560558972288,rua   leonidas barreto,145,rua   descalvado,140
6.053753815204158,avenida   jose da natividade saldanha,196,rua   descalvado,260
4.066126060753721,rua   boa vista,178,rua   descalvado,273
9.575350365819249,rua   nandiras,341,rua   descalvado,274
13.795088029856592,rua   pascoal delgado,80,rua   duartina,467
3.7428883914981164,rua   pedra azul,434,rua   duartina,474
0.016450441834212626,rua   simao martins,52,rua   duartina,423
3.734304452214218,avenida   joao carlos da silva borges,496,rua   duartina,476
4.03626020164423,rua   emanuel list,507,rua   duartina,469
1.7779060028628813,rua   francisco nogueira,143,rua   duartina,465
15.889026633567585,rua   monteiro de melo,409,rua   descalvado,246
20.74172151505246,rua   vilarinho,20,rua   descalvado,187
9.513152948503222,rua   costa aguiar,433,rua   descalvado,263
18.209173464241367,rua   emile pessard,62,rua   descalvado,254
16.420448562187797,rua   sapetuba,280,rua   duartina,472
11.647893080818156,rua   francisco peixoto bizerra,506,rua   duartina,466
21.34364270765826,avenida eng  armando de arruda pereira,2299,rua   descalvado,219
17.81504092045835,rua   ramon baye,28,rua   descalvado,90
21.280284377171924,rua   herculano de freitas,405,rua   duartina,442
17.318837825861582,rua   caetano basso,69,rua   descalvado,151
16.303356933347654,rua   luis gois,2369,rua   duartina,468
0.7538712114486366,rua   balsa,441,rua   duartina,473
25.282525358891228,avenida   agua fria,1596,rua   duartina,473
12.35475357485779,rua sta  rita d'oeste,8,rua   duartina,472
1.671941941709834,avenida   albert einstein,24,rua   descalvado,164
18.030254207253527,rua   margarida de provenca,33,rua   duartina,477
11.99382658463075,rua   manuel jacinto,1180,rua   duartina,461
11.202652574295552,rua   valdemar doria,164,rua   descalvado,258
12.648492633405642,rua prof  jose landulfo,90,rua   descalvado,214
21.995918022116665,rua   cedro do abaete,84,rua   descalvado,273
0.6277777090116636,rua  da lenda brasileira,14,rua   descalvado,269
5.462782758322243,rua   samoa ocidental (prolongamento - jd s martinho),662,rua   duartina,440
12.314625501144231,rua   sem denominacao,107,rua   descalvado,81
14.806001967256073,rua   madagascar,64,rua   duartina,448
12.693704212932202,avenida prof  fonseca rodrigues,1355,rua   duartina,469
11.166799834139459,rua   estevao barbosa,113,rua   duartina,447
13.906293207994121,rua   jose alberto senator,62,rua   duartina,467
12.394136522637508,rua   antonio cortesi,308,rua   duartina,467
18.262953673224786,rua  dos mendes,641,rua   descalvado,273
9.792281777921984,avenida   joaquim de santana,218,rua   descalvado,259
6.750224770548467,rua   osorio franco vilhena,969,rua   duartina,465
15.481144200370807,avenida pref  fabio prado,397,rua   duartina,430
9.775107473664265,rua   aderval alves rodrigues,118,rua   descalvado,243
8.903214520240118,rua   luis afonso,127,rua   duartina,463
18.548553484493553,rua   delfino facchina,877,rua   descalvado,62
10.169048868868307,rua   esmeralda monteiro,266,rua   descalvado,249
6.541349422067551,rua tte  sotomano,742,rua   duartina,443
0.6793308136907328,rua   managua,174,rua   descalvado,269
21.80827280138609,rua   itapolis,937,rua   duartina,467
5.6178381000109034,rua   joao simoes de souza,41,rua   descalvado,109
6.8020563456300405,avenida   pablo neruda,1295,rua   descalvado,253
16.00063244079266,rua prof  adelbar de castro,32,rua   descalvado,255
10.357355386993309,rua   esmeraldino cavalcanti torres,0,rua   duartina,443
11.10314275779955,rua   caetes,212,rua   duartina,476
25.491229661761807,rua   bela cintra,1458,rua   descalvado,140
23.09875890048541,rua   xavantes,466,rua   descalvado,246
15.63366501745655,rua   roquete pinto,508,rua   duartina,422
3.4769325451278217,rua   daniel bitencourt,29,rua   descalvado,268
27.854204008992667,rua dr  silvino canuto abreu,226,rua   descalvado,217
1.8264226068035434,rua  das cascatas,162,rua   descalvado,263
6.576244076370064,rua   behring,113,rua   duartina,429
7.802968988283771,rua profa  carmen scigliano,21,rua   duartina,471
16.734587439981965,avenida   antonio estevao de carvalho,2559,rua   duartina,460
11.200498037154489,rua  do canto,310,rua   duartina,475
2.6694043319253353,rua   alexandre rider,80,rua   duartina,439
10.82909445553419,rua desem  jose manoel arruda,144,rua   descalvado,264
3.2904309756543766,rua   mamoneira,107,rua   descalvado,246
9.51548482208549,avenida   luca,469,rua   descalvado,242
13.708759853654055,rua   vinte e cinco de marco,595,rua   duartina,455
17.130980043904238,rua   francisco farel,345,rua   duartina,436
9.554061783511655,rua   nilo fleury da silveira,471,rua   descalvado,274
16.414491180241072,rua   aquibi,6,rua   duartina,465
1.8036594810209774,rua   luis martins,96,rua   duartina,476
4.739176558280889,rua   canada,888,rua   duartina,432
6.84604740462205,rua   isidoro farina,40,rua   duartina,468
12.324911016276225,rua   alberto de macedo,0,rua   duartina,464
9.525087959320476,rua   alzira alves dos santos,199,rua   descalvado,230
3.1425051377056032,rua   georgia,163,rua   duartina,434
10.569045256509698,avenida   cidade jardim,581,rua   duartina,455
13.9985267828133,rua   axoxe,28,rua   descalvado,273
9.380751289551352,rua comen  cantinho,3,rua   descalvado,74
15.80038407972917,rua   rocha pombo,115,rua   descalvado,218
12.188071438955738,rua   almeida torres,387,rua   descalvado,247
1.8894837495898198,rua   francisco da costa machado,96,rua   duartina,482
17.451224185422824,rua   antonio custodio godoy,151,rua   descalvado,215
15.912112956107652,avenida eng  saraiva de oliveira,445,rua   descalvado,193
7.406967472631171,avenida pres  castelo branco,6575,rua   descalvado,172
4.72534695918209,rua   americo samarone,383,rua   duartina,425
4.3068528798979155,rua   augusto de morais sarmento,74,rua   descalvado,269
11.856926388586551,rua pde  pascoal rochedreux,193,rua   duartina,471
7.560743609899474,rua dr  erasmo teixeira de assuncao,12,rua   descalvado,260
1.559718922506983,rua   vieira de morais,483,rua   duartina,481
11.998919224938046,avenida   jose carlos pace,208,rua   duartina,472
0.6311101188619705,avenida eng  heitor antonio eiras garcia,7128,rua   descalvado,215
17.74559945396403,avenida   vinte e tres de maio,4287,rua   descalvado,271
7.968119064950114,rua   guaicuru do campo,0,rua   descalvado,251
4.155796603220747,avenida   paulo lincoln do valle pontin,523,rua   duartina,424
9.584552611918193,rua dr  moacir trancoso,114,rua   descalvado,51
3.568761404362192,rua past  adarcy de oliveira,235,rua   duartina,436
10.884987448895476,avenida   joao batista di vitoriano,271,rua   duartina,478
12.621621399639544,rua   pedro gomes de camargo,179,rua   descalvado,145
11.154309662527695,rua   carlos simas,191,rua   descalvado,258
1.2915523129793236,rua s  benedito do rio preto,102,rua   duartina,442
12.692897513240393,rua sta  cruz,1726,rua   descalvado,207
15.205279865950114,rua maj  sertorio,232,rua   descalvado,89
12.541683917492374,rua   b (jd elizabeth),59,rua   descalvado,225
1.6354118942420737,rua   dois s dezesseis cinco q vinte e dois cinquenta e sete,32,rua   descalvado,86
5.245886215987154,rua gal  fonseca teles,200,rua   descalvado,260
6.981735142997588,rua   joao muniz da costa,190,rua   duartina,468
0.08954705566430476,rua   bahia,108,rua   descalvado,243
12.098869981138568,rua   viana do castelo,361,rua   duartina,465
14.751669007080812,rua   servia,48,rua   descalvado,217
3.3370512124713096,rua   domingos de queiroz,107,rua   descalvado,253
11.840193531221372,rua   carlos isidoro amodeo,351,rua   duartina,458
9.571859312883603,rua   rubens galvao de franca,262,rua   duartina,451
8.97229351408426,avenida dr  gastao vidigal,740,rua   descalvado,79
3.0936910640489597,avenida jorn  roberto marinho,2478,rua   duartina,464
16.49468791502123,rua   calidice,46,rua   duartina,425
8.390812325337102,rua   ludovico agostini,147,rua   descalvado,269
7.983881910366369,rua   ushikichi kamiya,148,rua   duartina,459
14.375109254382604,avenida   pedroso de morais,1939,rua   duartina,437
2.9080703304183473,avenida   atlantica,251,rua   descalvado,76
1.0669506182882902,rua dr  joao batista de lacerda,397,rua   descalvado,252
12.374211990329774,rua frei  cristovao severim,122,rua   duartina,425
7.707853123355989,avenida   luiz dumont villares,854,rua   duartina,476
5.429071773660986,rua eng  saturnino de brito,24,rua   descalvado,233
2.832160961888369,rua   analia franco,89,rua   duartina,478
11.345615383950548,rua   alexandre orlov,117,rua   descalvado,266
18.544606829061955,rua   brigida banti,132,rua   duartina,453
8.122807838368843,rua   tomoichi shimizu,684,rua   descalvado,273
3.745997814714821,rua maj  walter carlson,797,rua   descalvado,263
22.71420935391006,rua pde  polman,22,rua   duartina,475
3.437207927306625,rua   joao lessa,15,rua   descalvado,248
15.710703552545484,rua   john harrison,115,rua   descalvado,58
20.144286250410772,rua   tobias barreto,979,rua   duartina,428
6.816185678222078,rua   pedro tezin,178,rua   descalvado,249
10.437220067057323,rua   joel jorge de melo,673,rua   duartina,429
12.245581026198831,rua prof  dario ribeiro,0,rua   descalvado,206
3.5156199086593922,avenida   mutinga,4559,rua   duartina,481
4.79019778660224,rua   mario alves de souza vieira,17,rua   duartina,470
13.2396750465744,avenida   paulista,2729,rua   duartina,451
20.507161653741075,rua   jaibaras,253,rua   duartina,468
12.734263552360975,rua dr  vila nova,206,rua   descalvado,268
6.20923216897085,rua   garcia rodrigues,54,rua   descalvado,182
9.740126016834255,rua   jacinto kerry valente,96,rua   descalvado,167
13.514398427175985,rua   harry dannemberg,417,rua   descalvado,75
14.000907152272557,rua   para,324,rua   duartina,471
4.858853185696508,rua   sebastiao pereira de sousa,105,rua   duartina,452
3.8871533281760478,avenida   miguel estefno,4344,rua   descalvado,259
6.814110204449571,rua   jose maronato,152,rua   duartina,460
11.489675519805225,rua   horma,81,rua   descalvado,271
7.2037514829506595,rua   enes silveira de mello,83,rua   duartina,469
8.290926482419504,rua   francisco azzi,71,rua   duartina,447
7.402121727181554,rua dr  cesar,215,rua   descalvado,261
9.225741629459616,avenida   ede,413,rua   descalvado,255
6.729808038443517,rua   marcelino simoes,191,rua   descalvado,250
20.828869262004222,rua   caminho do engenho,693,rua   descalvado,84
12.392972525889803,avenida  do cursino,5523,rua   duartina,472
9.052457057862553,rua   mario pederneiras,107,rua   duartina,461
4.020588298951719,avenida   guarapiranga,1469,rua   descalvado,269
8.36578742575124,rua min  coriolano de gois,105,rua   duartina,458
16.670896621979573,rua desem  rocha portela,1083,rua   descalvado,272
7.44658656664546,rua   serra de japi,608,rua   duartina,467
2.6705885657437314,avenida  da aclimacao,8,rua   duartina,427
13.499096872970041,rua   leonardo nardez,49,rua   duartina,432
6.480376659547383,avenida imp  leopoldina,1880,rua   duartina,482
12.96765862278679,rua frei  inacio gau,113,rua   descalvado,270
2.4250275451971923,rua   caranapatuba,175,rua   descalvado,257
4.562467910347787,rua dr  helio mota,111,rua   descalvado,110
5.646770422322781,rua   xavier de andrade,27,rua   descalvado,272
21.307492744380966,rua   eduardo sanchez,724,rua   descalvado,272
21.86478768958142,rua   mutuparana,28,rua   duartina,480
18.350912325414516,avenida   apologos orientais,236,rua   descalvado,247
3.5203042986879556,rua   flores de sao pedro,30,rua   descalvado,171
19.601203875538268,rua   vinte e seis (j. paulistano),136,rua   descalvado,261
7.0351871260883705,rua   sud mennucci,313,rua   duartina,432
12.995756997639877,rua   joao avelino pinho mellao,614,rua   duartina,476
10.137538681159358,rua   formosa,275,rua   descalvado,266
16.469151321006102,rua   deborah pascoal,249,rua   descalvado,255
2.837576862397884,rua   francisco jose oliveira,52,rua   duartina,426
18.891974806664702,avenida   santos dumont,1448,rua   descalvado,166
15.466103459786831,rua   virginia maria da conceicao,487,rua   descalvado,252
8.386757517354104,rua   adao m. de almeida castilho,96,rua   duartina,427
0.9511877704852978,rua dr  jose carlos ricci azevedo,85,rua   descalvado,272
14.09203341184417,rua   bigame,29,rua   descalvado,220
15.258925995022643,rua   joao barroso,160,rua   duartina,451
11.815290279029746,avenida   morumbi,3512,rua   descalvado,258
21.951149258647817,rua   cecil sharp,58,rua   duartina,477
5.244078725118358,rua   francisco da cunha menezes,337,rua   duartina,474
1.6160021173512469,rua   antonio pereira de sousa,338,rua   duartina,465
6.420858906881382,rua   simao alvares mousinho,327,rua   duartina,467
20.404775269677458,rua   monteiro caminhoa,132,rua   duartina,452
16.701233344720197,rua   leandro teixeira,67,rua   descalvado,266
9.670014594719541,avenida   cecilia lottenberg,1821,rua   duartina,479
14.750035551002169,rua   ana clara,81,rua   duartina,431
3.6965297936704173,rua   cinco de outubro,768,rua   duartina,462
17.45481623760654,rua   joao honorio caixeta,58,rua   descalvado,89
9.037817588639328,rua   ester hegedus,88,rua   duartina,462
8.946102647424437,rua   marius,301,rua   duartina,473
20.58909681602412,rua   afonso arinos,109,rua   descalvado,220
18.71468122890728,rua   olegario paiva,224,rua   duartina,461
0.7233607164338842,rua   manuel justiniano quintao,145,rua   descalvado,128
6.988353804664172,rua   francisco marson,149,rua   duartina,481
20.319817244360777,rua   orestes pieroni gobbo,25,rua   duartina,468
22.259019898584366,rua maj  paladino,501,rua   duartina,423
4.882111379347231,rua   evaristo roque,60,rua   descalvado,246
5.27430094537126,rua   ibatiba,16,rua   descalvado,212
17.481145342758797,rua   piramiuna,137,rua   duartina,434
8.191630071434084,rua   florindo bras,97,rua   descalvado,272
10.56996142068216,rua   cruz de malta,351,rua   descalvado,61
9.59775334845076,rua   ariti,172,rua   duartina,437
16.729649442503977,avenida   ipiranga,718,rua   duartina,436
4.3452191160458575,rua   silva pinto,359,rua   descalvado,262
12.431866917006758,rua   domingos fernandes,346,rua   descalvado,126
12.51458717785327,rua   ricardo avenarius,710,rua   duartina,461
6.952197971720828,avenida   raimundo pereira de magalhaes,14636,rua   duartina,470
1.932926210642485,avenida   pacaembu,233,rua   descalvado,265
9.06137132178285,avenida eng  heitor antonio eiras garcia,1352,rua   descalvado,273
11.595357540781432,rua   estevao de almeida,155,rua   duartina,473
0.3296241805379303,rua vig  joao de pontes,718,rua   duartina,435
9.70843704729769,avenida   morumbi,596,rua   duartina,467
15.244986353388253,rua   belem,185,rua   descalvado,217
21.804494261791177,rua   emilio kemp,199,rua   duartina,482
17.405885036029556,rua   hamilton veloso da silva,114,rua   duartina,464
13.037968640735075,rua   iguatinga,271,rua   duartina,448
5.8040682634483005,avenida   arruda botelho,56,rua   descalvado,268
3.3401839299990295,rua   bandeira do ouro,458,rua   descalvado,252
16.451061930576913,rua brig  jordao,266,rua   duartina,461
11.766910256148805,avenida   santos dumont,1287,rua   duartina,442
22.40822487620981,rua   certosa,12,rua   descalvado,191
8.91525686217492,rua desem  ulisses doria,288,rua   descalvado,192
3.684242301020917,rua   eliza antonia de andrade,138,rua   duartina,479
7.453844647398663,rua   celestino silva,77,rua   duartina,431
11.841715770118915,rua   dois s um vinte e seis q vinte vinte e um,24,rua   descalvado,66
6.917352419955183,avenida   atilio brugnoli,199,rua   duartina,471
4.75198643128145,rua   matias correia,55,rua   descalvado,257
1.249933937914804,avenida   yokino ogawa,344,rua   duartina,466
23.21878272222122,rua   domingos fernandes,262,rua   descalvado,87
10.69969579310767,avenida dr  dante pazzanese,188,rua   descalvado,106
8.111216704848871,rua prof  filadelfo azevedo,268,rua   descalvado,263
8.12215808487318,rua   verbo divino,1105,rua   descalvado,79
3.6387685169600523,rua   maria freitas,10,rua   descalvado,274
12.54039510758292,rua dr  mauro paes de almeida,19,rua   descalvado,70
13.038486505734907,rua   manoel dutra,6,rua   duartina,453
4.834703152326136,rua   baltazar de morais,317,rua   descalvado,262
10.261140977366441,rua visc de taunay,5,rua   descalvado,248
4.915233736408715,rua   tobias barreto,1215,rua   descalvado,261
0.2863345338450429,rua   terra sem males,484,rua   duartina,454
12.62803479546935,rua dr  nicolau de sousa queiros,299,rua   descalvado,264
2.4978011902984223,avenida   morvan dias de figueiredo,7744,rua   descalvado,98
6.665773371969529,rua   alceu antonio da luz,124,rua   duartina,459
15.129952710034429,rua   espelho magico,102,rua   duartina,424
3.177529953114332,rua tte  joao salustiano lira,22,rua   duartina,433
13.90152921601089,rua   manuel ferreira lopes,76,rua   descalvado,226
3.4595961489737412,avenida mal  eurico gaspar dutra,275,rua   descalvado,151
21.819346326807008,rua   sabia-laranjeira,273,rua   descalvado,274
15.609281633295971,rua pde  carvalho,714,rua   descalvado,271
10.386928432806544,rua   eduardo sanchez,686,rua   descalvado,259
2.9454796440321527,rua   maria amelia monteiro,248,rua   descalvado,62
7.453017707983943,rua   rio salinas,37,rua   descalvado,131
5.704689386552441,rua   serra de japi,1504,rua   descalvado,263
7.759886435575539,rua   f (j. do russo-perus),5,rua   descalvado,248
12.102534435060551,rua   vergueiro,3860,rua   descalvado,176
15.386452254274962,rua   orestes baptistussi,48,rua   descalvado,263
10.006443811343608,rua   akio morita,346,rua   descalvado,193
1.787032198545612,avenida dr  wando henrique cardim,376,rua   descalvado,247
0.6057981277104698,rua   jose da costa ramos,76,rua   descalvado,70
5.14578220133399,rua   vergueiro,3038,rua   duartina,472
15.272005818569902,rua   rosalina lapadula camargo,42,rua   duartina,422
11.431886918993847,rua   carlos sgarbi filho,131,rua   descalvado,146
8.856639684551828,rua   sergio tomas,791,rua   duartina,476
11.774054007710093,rua  do americio,192,rua   duartina,424
0.6927728471428605,rua   ahmad el hind,140,rua   duartina,469
7.305953208029761,avenida  das nacoes unidas,19457,rua   duartina,468
22.70222254397232,rua   gracianopolis,88,rua   descalvado,123
2.731431918316817,avenida   zelina,1070,rua   duartina,467
9.824608269134242,rua   canhoneira mearim,410,rua   descalvado,62
12.045817857981234,rua   barueri,0,rua   descalvado,220
0.03741308675045296,rua   sacramento,2,rua   duartina,473
2.8175009420469275,rua   telo garcia,10,rua   descalvado,113
12.377735574675505,avenida   martinho guedes,208,rua   descalvado,161
9.617750070200728,rua   sabia,294,rua   duartina,434
11.766086604063243,rua   paulo afonso,98,rua   descalvado,191
22.442450392799643,rua gal  osorio,93,rua   duartina,472
8.566744721296368,rua   bitencourt sampaio,152,rua   duartina,467
8.578277428769855,rua   itatiba do sul,860,rua   duartina,455
14.046237729800769,avenida prof  vicente rao,67,rua   duartina,482
6.722055631855259,rua   ramon penharrubia,127,rua   duartina,468
17.483140978209477,avenida   fortunata tadiello natucci,154,rua   duartina,482
2.128523286706133,rua   franz berwald,136,rua   duartina,456
16.5764728041622,rua   francisco maria caropreso,406,rua   descalvado,164
4.909802395863671,rua   raul pompeia,283,rua   descalvado,261
20.027023563590866,rua   viaza,667,rua   descalvado,93
11.076333446864059,rua   guaicui,7,rua   descalvado,274
7.322114285149381,rua   evandro danton ferreira gandra,177,rua   duartina,455
3.5710595383115606,rua   giacomo armani,157,rua   descalvado,239
10.1242939110317,rua   maria ester marconato,21,rua   duartina,447
9.07429081853449,rua   fernando ganga,174,rua   descalvado,271
0.8989417417657322,rua   diogo jacome,493,rua   duartina,446
18.172196872322445,rua   pelotasloide,20,rua   descalvado,273
3.785908918960069,rua   gentil braga,648,rua   descalvado,257
14.966049818134858,rua   belverde,52,rua   descalvado,164
0.5563781355432305,rua  dos jequitibas,414,rua   descalvado,71
3.8982052728678216,rua   vinte e quatro (p. rio claro),15,rua   duartina,443
7.385144115349343,rua visc de abaete,75,rua   descalvado,269
10.265084735159787,rua prof  cardozo de mello neto,1177,rua   descalvado,86
0.2916951015396201,rua prof  gama cerqueira,371,rua   duartina,465
9.141156305595208,avenida eng  caetano alvares,6019,rua   duartina,434
9.177081714848919,rua   serra de sao domingos,1266,rua   descalvado,256
15.0272375300492,rua   ferdinando frantz,29,rua   descalvado,45
4.155910071985669,rua   teodureto souto,305,rua   duartina,479
4.463640393227845,rua   taquari,90,rua   descalvado,249
12.45103709689923,avenida   conceicao,1179,rua   descalvado,269
8.40624296549419,rua   sem denominacao,381,rua   descalvado,249
8.137965595876768,rua   dois (v sonia),18,rua   duartina,469
15.991038677065871,avenida   miruna,211,rua   duartina,430
11.10247268932574,rua   monte arroio,198,rua   descalvado,266
17.736156099069543,rua   piaca,309,rua   duartina,463
4.557114087446333,rua   entre-rios,474,rua   descalvado,45
15.129896519436864,rua   barata ribeiro,249,rua   duartina,460
10.30338906343302,avenida   andorinha-dos-beirais,532,rua   duartina,439
10.748734082511525,rua   purpurina,414,rua   duartina,454
10.41193215971893,avenida prof  joao batista conti,1251,rua   duartina,467
4.987646635669885,rua   tres mosqueteiros,277,rua   duartina,457
13.691242651366284,rua prof  jacy monteiro,108,rua   duartina,460
18.009332345569305,rua   alvinopolis,1454,rua   duartina,457
6.711416628077876,rua   santana do munhuacu,63,rua   duartina,471
10.80768856021923,rua   itapecoca,33,rua   duartina,475
3.3074327792030216,rua br de campinas,132,rua   duartina,436
9.696963998883234,rua dom  bosco,606,rua   duartina,461
17.942161031294056,rua dr  altair martins,186,rua   duartina,440
11.821140838830608,rua  do emissario,170,rua   descalvado,251
9.29463633148805,rua   pedro americo,50,rua   duartina,450
14.389856494817508,rua   otavio de moura,491,rua   descalvado,253
6.75316969172444,rua   frederico guarinon,153,rua   duartina,457
3.449385372365345,rua   pedro vicente de azevedo,304,rua   duartina,457
1.9763669392453203,rua   backer,160,rua   duartina,449
3.28765680464556,rua   diva rodrigues de oliveira,8,rua   duartina,423
3.8591742581129633,avenida   celso garcia,1380,rua   duartina,452
18.12486392763917,rua   vergueiro,1008,rua   duartina,480
9.123394851501942,rua   tico tico,221,rua   duartina,458
5.081824506201127,rua   esmeralda,156,rua   descalvado,94
15.916225392346247,rua   alagoas,672,rua   descalvado,257
4.044299039820685,rua   hermogenes almeida prado,124,rua   descalvado,120
1.6148931251620002,rua   manuel francisco de avila,84,rua   duartina,469
17.300724216797732,rua   serra de jaire,488,rua   descalvado,175
7.075680515552184,rua   rogerio giorgi,1650,rua   descalvado,260
19.431089210127453,rua   gama cerqueira,57,rua   descalvado,253
11.113039925604316,rua   manoel de sousa azevedo,101,rua   duartina,433
8.266403636429356,avenida mal  tito,4223,rua   descalvado,255
9.338405788120324,rua   baquia,579,rua   descalvado,272
13.855341402336235,rua   jabiru,294,rua   duartina,473
2.0370123052029143,rua  das vertentes,1098,rua   descalvado,259
2.3998749140134636,rua cel  americo fontenelle,400,rua   descalvado,103
8.530249622720714,avenida   joao barreto de menezes,27,rua   duartina,471
8.787344298088652,rua   alvaro de oliveira silva,396,rua   duartina,438
2.259470891194619,avenida   waldemar roberto,0,rua   descalvado,245
4.866529834358104,rua   acara-bandeira,185,rua   descalvado,252
11.734882302102552,rua   ribeiro do vale,794,rua   descalvado,161
9.404704358710156,rua prof  roldao de barros,650,rua   descalvado,266
12.699856543725673,rua dr  augusto de miranda,643,rua   descalvado,269
10.875423847367756,rua   lavinia ribeiro,125,rua   descalvado,178
14.574387594179163,rua sold  benedito patricio,81,rua   descalvado,233
12.07020093685026,rua   agostinho de paiva,11,rua   descalvado,225
21.18805835010835,avenida   cangaiba,131,rua   duartina,436
9.26432581565773,rua   napoleao mendes de almeida,12,rua   duartina,456
5.560648751406748,rua eng  aubertin,391,rua   duartina,428
4.672328696839161,rua  dos jasmins,125,rua   descalvado,66
3.850780580884342,avenida s  gualter,516,rua   duartina,434
3.0042191338678954,rua eng  eurico a. guedes de araujo,47,rua   descalvado,201
14.86838981840528,rua   augusto avelino de morais,65,rua   duartina,426
12.697261533095773,rua   ramon de campoamor,3,rua   duartina,472
18.848451774591652,rua   isaura freire,14,rua   duartina,448
10.258714864566418,rua   quimili,357,rua   descalvado,218
5.405862637403372,rua   jose bonifacio filho,388,rua   duartina,434
8.123509847566485,rua   francisco de paula brito,367,rua   descalvado,183
11.410192754637428,rua   pedro avancine,377,rua   duartina,465
9.056069435334647,rua   basilio alves morango,894,rua   duartina,477
13.645177066621244,rua   mercedes salano castineiras,155,rua   descalvado,247
9.970863796445766,rua frei  ludovico de livorno,35,rua   duartina,447
9.985941802606144,rua   alto garcas,764,rua   duartina,442
10.244175401427151,rua   curupace,605,rua   descalvado,269
9.89702072227317,rua   manuel leitao avilez,37,rua   descalvado,261
19.20775650939649,rua   indio peri,589,rua   descalvado,252
18.336233230448087,rua   peroba-rosa,183,rua   duartina,464
0.8102686017434202,rua   jose piragibe,263,rua   duartina,471
24.752559266442223,rua   osvaldo ferreira de camargo,147,rua   duartina,473
0.017938166798487032,rua brig  tobias,482,rua   descalvado,269
0.9684906043585375,rua cel  xavier de toledo,290,rua   duartina,442
1.9494924316620992,rua   canario,1075,rua   descalvado,274
4.411215735931676,rua   nova vida,307,rua   duartina,433
2.9207719483258323,rua   luis coelho,213,rua   duartina,434
18.904836935734345,rua   cruz de malta,460,rua   descalvado,260
14.285822200777893,rua   caracaxa,716,rua   descalvado,272
1.5892831057775787,avenida   aricanduva,11440,rua   duartina,460
16.83683449687422,rua s  gabriel,548,rua   duartina,439
12.343365251535397,rua   alice dos santos vieira,111,rua   duartina,438
2.745193487946257,avenida   jose galante,692,rua   duartina,463
12.223572458237214,rua   lorenzo ghiberti,32,rua   duartina,479
2.061711909660082,rua  da independencia,262,rua   descalvado,211
16.271857026289265,rua  da bica,137,rua   duartina,476
8.242012316339302,rua   miguel ferreira de melo,283,rua   duartina,478
0.04662580947706729,rua dr  luiz migliano,1297,rua   duartina,470
1.5950582095878971,rua   catuaba,832,rua   descalvado,248
12.778143166489375,rua frei  francisco solano,42,rua   descalvado,264
14.019676075688158,avenida ver  jose diniz,1758,rua   duartina,454
15.814438230073527,rua con  vicente miguel marino,727,rua   descalvado,247
3.8438463001778143,rua   santana do paraiso,81,rua   duartina,467
4.855855828541527,rua   geronimo barbosa da silva,1310,rua   duartina,423
10.35438534437298,rua   isabel godim,16,rua   descalvado,263
11.473246863129432,rua   losango caqui,6,rua   descalvado,247
12.597939470734987,rua   diatomaceas,182,rua   duartina,469
12.970774062763883,rua   formarigo,129,rua   duartina,437
11.932732288790078,rua  da gavota,74,rua   duartina,439
1.711469181410049,rua maj  natanael,197,rua   duartina,458
16.239449779600356,rua s  sebastiao do maranhao,27,rua   duartina,441
17.116335933165818,rua   edgar,656,rua   descalvado,168
9.541410962013892,rua   tres pontes,14,rua   descalvado,247
15.86356744034105,rua   adenizia,29,rua   duartina,472
18.55476176250277,rua   aldeia da formiga,308,rua   descalvado,137
16.752028456948224,rua dr  eugenio maia de andrade,171,rua   descalvado,102
10.134094093852944,rua   alem paraiba,68,rua   duartina,443
11.270420701758011,rua   emilia marengo,48,rua   duartina,442
1.1705522346789383,rua   mantenopolis,97,rua   duartina,470
10.33658030916879,rua   mergenthaler,512,rua   descalvado,200
4.925316832229374,avenida   higienopolis,765,rua   descalvado,55
13.578481179775697,rua br  antonio de angra,716,rua   duartina,474
18.297784439921966,rua   carlos gomes,96,rua   descalvado,195
8.941139367254156,avenida   joao dos santos abreu,479,rua   duartina,470
0.9469958935486371,rua   vitoria do lago,0,rua   duartina,437
6.464720533902715,rua dr  moises kahan,446,rua   descalvado,182
11.069419357434924,rua   aiamopo lobo,316,rua   descalvado,250
8.492170878445833,rua   aragarcas,198,rua   duartina,460
11.371800490837295,avenida   pereira de faro,370,rua   duartina,425
12.417865784091058,rua   passo da patria,724,rua   duartina,467
11.926811402637885,avenida   giovanni gronchi,789,rua   descalvado,55
20.271477112127286,avenida   nacao madureira,301,rua   descalvado,273
3.84958715433695,avenida dra  ruth cardoso,6393,rua   duartina,428
7.5530985715721215,rua   campinorte,29,rua   duartina,466
0.9137329966602561,rua   francisco da cunha menezes,297,rua   duartina,460
27.724384112918685,avenida min  laudo ferreira de camargo,151,rua   descalvado,140
14.903269051072604,rua   raul pompeia,290,rua   descalvado,240
4.1005765721085545,avenida sta  marina,597,rua   descalvado,271
8.635466352615602,rua cap  garcindo,49,rua   duartina,441
7.378543061488561,rua   olavo egidio de souza aranha,979,rua   duartina,467
16.362945591082784,rua   icaturama,28,rua   descalvado,223
4.10682430805226,rua   apurina,154,rua   descalvado,192
12.119604023216358,rua   ernest renan,100,rua   duartina,472
14.176216212648445,rua min  apolonio salles,458,rua   duartina,472
11.668268553847675,avenida   marginal s dezesseis tres / um setenta e sete,137,rua   duartina,440
10.474295408671077,rua eng  jose maria da silva velho,187,rua   duartina,477
19.667068663405615,rua   orquideas,71,rua   descalvado,261
8.336097879364981,rua   cecilia furtado,44,rua   duartina,476
3.304878314702208,avenida   aricanduva,2821,rua   duartina,462
4.031323152710982,rua   juvencio de araujo figueiredo,579,rua   duartina,458
13.835747525270568,rua prof  nicolau de morais barros,242,rua   duartina,469
12.01585021885407,rua dr  afranio junqueira,74,rua   descalvado,247
2.4942804483962453,rua   sebastiao de andrade,450,rua   descalvado,233
5.543078886195825,rua   aimbere,179,rua   duartina,465
8.627493631346995,rua   guiomar novaes,133,rua   duartina,466
4.38100421687704,rua maest  elias lobo,937,rua   duartina,429
7.513998728214135,rua   clipperton,130,rua   duartina,425
12.744291745900664,rua   caiara,133,rua   duartina,472
9.704211769940757,avenida dr  chucri zaidan,1480,rua   duartina,470
17.48485538308232,rua   mata virgem,189,rua   descalvado,255
0.39238977385758744,rua   paulo nunes felix,366,rua   descalvado,156
12.00161223503442,rua   arroio sao nicolau,95,rua   duartina,471
15.457596547812567,rua   dionisio garcia,163,rua   descalvado,264
15.248872294921213,rua   guatemala,158,rua   duartina,453
8.259713572614627,avenida   ermano marchetti,722,rua   descalvado,133
1.6420074566709069,rua   abel tavares,2370,rua   duartina,476
11.560131688095554,rua   leon foucault,41,rua   descalvado,178
8.60239605785639,rua   bernarda paulista,86,rua   descalvado,180
17.10083743424029,rua eng  jose sa rocha,45,rua   descalvado,72
16.532196081497432,rua   girua,122,rua   duartina,425
23.68181631348391,rua rainh  catarina d'austria,159,rua   duartina,447
18.318303329361903,rua alm  marques de leao,312,rua   duartina,422
8.028320202077358,rua   arcachon,153,rua   duartina,481
5.2863395846484735,rua   auguste clesinger,271,rua   duartina,432
19.809034297462322,rua  dos junquilhos,299,rua   duartina,467
5.718938874060681,rua   marfisa costa pinto,156,rua   duartina,463
8.739744260379128,rua   iguacu,39,rua   duartina,464
7.1466435009545215,rua   catolandia,230,rua   descalvado,255
14.698460713339198,rua   mergenthaler,1504,rua   descalvado,266
12.275613292548146,rua   cayowaa,412,rua   duartina,432
0.7536078228721781,rua   maria isabel pezzotti,157,rua   duartina,444
10.379684551677636,avenida   guido caloi,2100,rua   duartina,455
9.69799192449651,rua   miguel andrade roque,14,rua   descalvado,270
1.1160726277090678,rua   pacoba,233,rua   duartina,482
7.148663573967083,avenida   dois (jaragua-a),7,rua   descalvado,260
15.972068683212584,rua   alto do rio bravo,481,rua   duartina,436
9.424349513278692,avenida   sumare,1716,rua   descalvado,259
8.540490377073102,rua   jose pereira de castro,7,rua   descalvado,89
5.341145670255406,rua   caiubi,413,rua   descalvado,246
4.225467997423792,avenida pres  wilson,617,rua   descalvado,251
21.18729182157955,rua dr  olavo egidio,337,rua   descalvado,99
1.384426646285121,rua   sabbado d'angelo,2366,rua   descalvado,57
23.45976071654021,rua   canario-do-reino,196,rua   duartina,479
6.463152445956022,rua   jose valter seng,285,rua   descalvado,111
14.02452443600152,rua   erva divina,62,rua   duartina,464
5.924706491469449,rua   joao papaterra limongi,50,rua   descalvado,105
9.421246657827249,rua   francisco carvalho henriques,53,rua   duartina,423
17.502255106735227,rua   domingos de morais,1651,rua   descalvado,271
9.985854903777394,rua   adilson farias claro,37,rua   descalvado,103
17.011591103923237,rua   samuel cooper,330,rua   descalvado,263
10.798178249979424,rua   diatomaceas,132,rua   descalvado,246
0.44123189072761093,avenida  dos eucaliptos,462,rua   duartina,461
13.173261533077639,rua dr  horacio figueiredo,15,rua   duartina,445
9.153323833718208,avenida   susana,262,rua   descalvado,204
3.3206724853936382,rua   rio imburana,558,rua   descalvado,234
9.991144385282478,rua   antonio domingues freitas,252,rua   descalvado,149
3.041796755459573,rua   augusta,2411,rua   descalvado,258
23.055500807104828,rua   henrique de faria,191,rua   descalvado,96
10.299925228225868,rua   pierre mazeline,190,rua   duartina,458
11.80307811608609,rua  dos gusmoes,775,rua   duartina,455
4.466404690821004,rua   ipero,11,rua   descalvado,249
1.7111267915487076,avenida s  joao,2238,rua   descalvado,253
10.360399265381806,avenida   jerimanduba,1207,rua   duartina,453
12.317391069667849,rua   fernando de albuquerque,40,rua   duartina,445
6.594266526860544,rua   chabad,95,rua   duartina,470
0.48638086394364777,rua   julio felipe guedes,311,rua   descalvado,71
3.79792405213537,rua   landolfo de andrade,127,rua   descalvado,266
10.447345265415807,rua dr  pelagio marques,49,rua   descalvado,47
2.1813243555289015,rua   jose jeronimo vasconcelos,42,rua   duartina,425
2.9313346487116476,rua   regularizacao de heliopolis,119,rua   descalvado,269
7.811996884245228,rua   lopes chaves,508,rua   duartina,441
9.937109921470995,rua   tacito de almeida,281,rua   descalvado,85
1.7315580205511019,avenida   miguel conejo,1227,rua   duartina,459
12.82075289076567,rua   erva das virgens,8,rua   duartina,462
11.061059297660636,avenida cons  carrao,1858,rua   duartina,469
8.051199092524614,rua   belo horizonte (vila nova galvao),3,rua   descalvado,63
1.4850288378893026,avenida   paula ferreira,2801,rua   duartina,479
15.431513201540687,rua   cidade de bagda,797,rua   descalvado,179
5.592182652149821,rua prof  tranquilli,94,rua   duartina,442
1.2266053593279551,avenida   elisio teixeira leite,5590,rua   descalvado,261
2.3674665247892612,rua   praia do valente,244,rua   duartina,438
20.998809085452802,rua   estevao baiao,231,rua   descalvado,119
15.056313513150297,rua   joao coelho barbosa,46,rua   duartina,473
7.604132270226724,rua   salvador de luttis,45,rua   descalvado,274
7.178698974899811,rua   cajaiba,260,rua   duartina,435
14.074315632934875,rua   oduvaldo viana,163,rua   duartina,422
12.222420438138858,rua pde  feliciano domingues,432,rua   descalvado,249
10.971499776487185,rua   sebastiao andrade bonani,461,rua   descalvado,233
5.83717285950628,avenida   muzambinho,349,rua   duartina,426
13.50968244670897,rua   voluntarios da patria,1412,rua   duartina,442
13.657032394177634,avenida   mario de andrade,1491,rua   duartina,469
11.392339436386882,rua sto  irineu,877,rua   duartina,481
5.634829020871659,rua prof  otavio guimaraes,505,rua   descalvado,78
14.832747697697965,rua   muana,86,rua   descalvado,272
32.16766023592139,rua  das vitaceas,428,rua   descalvado,71
9.474507495030315,rua   sem denominacao (gra),25,rua   duartina,464
3.930726286784818,rua   irene manzoni,12,rua   duartina,476
4.1212955998138705,avenida   sumare,899,rua   descalvado,156
23.070177205216734,rua   itajuibe,1792,rua   descalvado,224
7.626274473121235,rua dr  paulo vieira,193,rua   duartina,469
22.719725147083757,rua dom  francisco cardoso ayres,17,rua   duartina,453
6.838514524242876,rua   cabinari,407,rua   duartina,426
10.752811754932985,rua  dos martires armenios,110,rua   descalvado,269
18.410881390179174,rua   alfredo maia,244,rua   duartina,460
6.896392400509722,rua  dos martires armenios,552,rua   descalvado,132
16.932421708149654,avenida brig  faria lima,659,rua   descalvado,176
7.926722734078091,rua   embiribeira,106,rua   descalvado,250
17.753686259959753,rua prof  antonio castelar de franceschi,197,rua   descalvado,71
18.997267811045667,avenida   elisio teixeira leite,5552,rua   duartina,467
11.590040284362546,rua   balthazar da veiga,341,rua   duartina,424
16.338189922441554,rua   camarajibe,163,rua   duartina,482
15.300600247732158,avenida sen  casimiro da rocha,705,rua   duartina,440
13.998200055156577,rua prof  guilherme belfort sabino,555,rua   descalvado,69
3.7827450691127797,rua   mandu,112,rua   descalvado,217
3.708991948082657,rua   begonia real,110,rua   descalvado,179
17.789836561712146,rua   antonio luis dos passos,243,rua   descalvado,110
8.401219816065616,rua   reducao do loreto,37,rua   descalvado,257
7.550501758084884,rua maest  elias lobo,406,rua   descalvado,133
14.20907310338817,rua   sonia ribeiro,91,rua   descalvado,259
3.946649402376117,rua   jose pereira santos,52,rua   descalvado,271
12.589423343459078,rua   manuel de atouguia,7,rua   descalvado,106
15.082639012620149,rua   alvaro pinto,145,rua   duartina,444
2.962063976498743,rua   valdemar taveira dos santos,491,rua   duartina,464
28.631365306333535,avenida bra de muritiba,264,rua   duartina,436
18.480074128525253,rua   bennet,600,rua   duartina,472
5.522740228575121,rua   botucarai,32,rua   descalvado,261
5.447232289946427,rua   antonio pacheco valente,78,rua   duartina,477
16.93346166322891,avenida   aricanduva,10,rua   duartina,479
11.879578648296315,rua   arthur bliss,528,rua   duartina,471
10.475568571863311,rua   chamanta,777,rua   descalvado,255
4.945668487094017,avenida   aricanduva,5205,rua   descalvado,178
6.847169088434583,rua   francisco viana,11,rua   descalvado,268
19.02013547648977,rua   valdemar martins,734,rua   duartina,470
14.188974566337441,rua frei  francisco,344,rua   duartina,473
21.401982477932584,avenida   moaci,885,rua   descalvado,252
13.557149840535697,rua   quipa,235,rua   descalvado,251
7.327510643293091,rua   pangare,283,rua   duartina,474
10.22273694095143,avenida   nagib farah maluf,1260,rua   duartina,450
